file_path,singer_id,song_id,fake_prob,难度,hnr_low_ratio,hnr_mean,vri_score,f0_jitter,long_note_stability,vibrato_depth_mean
data/demo_data/fake/singer_a_dearfriend_001_fake.wav,singer_a,dearfriend,0.47,medium,0.3352713178294573,13.473067596139096,0.1901918076393986,0.0117469194235311,0.3571895761647695,118.4146341463416
data/demo_data/fake/singer_a_dearfriend_002_fake.wav,singer_a,dearfriend,0.83,easy(易检),0.2138114209827357,13.462868550839437,0.1889223652446485,0.0132837138733748,0.3625426407317988,155.27027027027015
data/demo_data/fake/singer_a_dearfriend_003_fake.wav,singer_a,dearfriend,0.6466666666666666,easy(易检),0.1695906432748538,14.54895523559709,0.2042594884736689,0.0094833725329998,0.3039302218651944,119.71428571428586
data/demo_data/fake/singer_a_dearfriend_004_fake.wav,singer_a,dearfriend,0.6333333333333333,easy(易检),0.2274412855377008,13.309809891596297,0.184212297540191,0.0134277698633377,0.1841359421446363,152.22222222222192
data/demo_data/fake/singer_a_dearfriend_005_fake.wav,singer_a,dearfriend,0.37,hard(像真),0.2421420256111758,15.485038979269014,0.178568248646979,0.0106475480214541,0.3633777945942187,138.49315068493135
data/demo_data/fake/singer_a_dearfriend_006_fake.wav,singer_a,dearfriend,0.35,hard(像真),0.2282734646581691,15.122775764397057,0.1972489526256408,0.009376319335762,0.2722033330909949,112.82051282051292
data/demo_data/fake/singer_a_dearfriend_007_fake.wav,singer_a,dearfriend,0.6866666666666666,easy(易检),0.1986455981941309,15.26897769978594,0.166127097974479,0.0151068456587861,0.284559525450607,191.14285714285705
data/demo_data/fake/singer_a_dearfriend_008_fake.wav,singer_a,dearfriend,0.6866666666666666,easy(易检),0.1919431279620853,14.021178956002936,0.2379823958364356,0.0071798792580029,0.2889537137394984,79.0588235294116
data/demo_data/fake/singer_a_dearfriend_009_fake.wav,singer_a,dearfriend,0.2833333333333333,hard(像真),0.2450066577896138,14.149031059508504,0.2158488386612569,0.0076651973940576,0.2573209149504274,98.1578947368418
data/demo_data/fake/singer_a_dearfriend_010_fake.wav,singer_a,dearfriend,0.2833333333333333,hard(像真),0.1324884792626728,15.619592312974191,0.2823171661690233,0.005447254026415,0.1965438381116732,62.43902439024339
data/demo_data/fake/singer_a_dearfriend_011_fake.wav,singer_a,dearfriend,0.71,easy(易检),0.3538461538461538,12.380785134423965,0.2883461405948955,0.0062313932770812,0.655942896114643,62.50000000000002
data/demo_data/fake/singer_a_dearfriend_012_fake.wav,singer_a,dearfriend,0.5066666666666667,medium,0.3673965936739659,12.081576931166618,0.3539791737230993,0.0041042311306608,0.5723926518949873,38.253968253968495
data/demo_data/fake/singer_a_dearfriend_013_fake.wav,singer_a,dearfriend,0.35,hard(像真),0.3677621283255086,13.084327117884992,0.1909456490538669,0.014280740229707,0.3298982749184143,140.80645161290323
data/demo_data/fake/singer_a_dearfriend_014_fake.wav,singer_a,dearfriend,0.76,easy(易检),0.2232746955345061,14.910246649368665,0.1698156278397849,0.0133772859656091,0.3910913511098408,144.39024390243912
data/demo_data/fake/singer_a_dearfriend_015_fake.wav,singer_a,dearfriend,0.7166666666666667,easy(易检),0.2839352428393524,13.0882191550058,0.1681648492492628,0.0285587983634498,0.2353296339541853,272.1839080459769
data/demo_data/fake/singer_a_dearfriend_016_fake.wav,singer_a,dearfriend,0.6266666666666667,easy(易检),0.1894024802705749,14.019841027864668,0.2244830898345997,0.0095037602657232,0.251711391756361,102.921348314607
data/demo_data/fake/singer_a_dearfriend_017_fake.wav,singer_a,dearfriend,0.73,easy(易检),0.0961098398169336,16.5316383429781,0.2074189866534507,0.0089617303160598,0.3301573020188298,91.44444444444404
data/demo_data/fake/singer_a_dearfriend_018_fake.wav,singer_a,dearfriend,0.7333333333333333,easy(易检),0.2081218274111675,14.322595388317648,0.178506062128247,0.012375197527828,0.2284446815342912,145.82278481012648
data/demo_data/fake/singer_a_dearfriend_019_fake.wav,singer_a,dearfriend,0.63,easy(易检),0.242761692650334,14.689445630850056,0.1570930493178496,0.0274939459193253,0.1648041237967449,271.35802469135774
data/demo_data/fake/singer_a_dearfriend_020_fake.wav,singer_a,dearfriend,0.6966666666666667,easy(易检),0.2224852071005917,13.91021091936125,0.2165831358996614,0.0099640295999662,0.2643110654194974,108.37499999999986
data/demo_data/fake/singer_a_dearfriend_021_fake.wav,singer_a,dearfriend,0.7633333333333333,easy(易检),0.2451923076923076,13.831777688241813,0.1844970305638697,0.0151997724909924,0.2494736727066974,184.5070422535209
data/demo_data/fake/singer_a_dearfriend_022_fake.wav,singer_a,dearfriend,0.6033333333333334,easy(易检),0.2404921700223713,13.89144085238678,0.1851621935314472,0.01155669921677,0.3250793641234394,142.31884057970996
data/demo_data/fake/singer_a_dearfriend_023_fake.wav,singer_a,dearfriend,0.7,easy(易检),0.2253521126760563,14.1638261379832,0.2282394845781961,0.0084534374949247,0.2987204637037963,110.28169014084528
data/demo_data/fake/singer_a_dearfriend_024_fake.wav,singer_a,dearfriend,0.79,easy(易检),0.2224824355971897,14.418989616834285,0.2215984114068845,0.0110178106309611,0.3608798762538471,129.72972972972994
data/demo_data/fake/singer_a_dearfriend_025_fake.wav,singer_a,dearfriend,0.6133333333333333,easy(易检),0.1690307328605201,15.475149393014284,0.1680637843088777,0.0190829130891343,0.288839053109708,208.1707317073168
data/demo_data/fake/singer_a_dearfriend_026_fake.wav,singer_a,dearfriend,0.6066666666666667,easy(易检),0.1405049396267837,17.080427090946767,0.1876674149867939,0.010346775420497,0.3437638557607049,146.0606060606063
data/demo_data/fake/singer_a_dearfriend_027_fake.wav,singer_a,dearfriend,0.6033333333333334,easy(易检),0.1230116648992576,18.465977505540284,0.1805749092354056,0.0106053899682228,0.2935524221170428,154.6376811594204
data/demo_data/fake/singer_a_dearfriend_028_fake.wav,singer_a,dearfriend,0.5566666666666666,medium,0.1370882040382571,16.456400991066673,0.1950726421788648,0.0125151103956556,0.2936685714777636,143.2911392405064
data/demo_data/fake/singer_a_dearfriend_029_fake.wav,singer_a,dearfriend,0.44666666666666666,medium,0.1381215469613259,18.32961903800349,0.2390408097501465,0.0069881803209146,0.3584486348497113,67.61904761904822
data/demo_data/fake/singer_a_dearfriend_030_fake.wav,singer_a,dearfriend,0.44666666666666666,medium,0.4467213114754098,10.680396551581511,0.1676958601999298,0.0159176954542731,0.3136308708185343,170.1315789473687
data/demo_data/fake/singer_a_dearfriend_031_fake.wav,singer_a,dearfriend,0.6766666666666666,easy(易检),0.2642857142857143,14.259671235181616,0.2829368411289066,0.0057773438784834,0.4947937596375399,55.571428571428754
data/demo_data/fake/singer_a_kaishidongle_001_fake.wav,singer_a,kaishidongle,0.5866666666666667,medium,0.1914556962025316,15.83989604528008,0.3561609688789535,0.0025901546624306,0.7592139589368477,28.33333333333332
data/demo_data/fake/singer_a_kaishidongle_002_fake.wav,singer_a,kaishidongle,0.5,medium,0.0466666666666666,17.487453798526786,0.2388470963720985,0.0089413604616784,0.646897655196305,70.81967213114821
data/demo_data/fake/singer_a_kaishidongle_003_fake.wav,singer_a,kaishidongle,0.5366666666666666,medium,0.2921739130434783,12.21872765055721,0.2042099768675569,0.0114184968777039,0.2769757419825888,120.12658227848124
data/demo_data/fake/singer_a_kaishidongle_004_fake.wav,singer_a,kaishidongle,0.6333333333333333,easy(易检),0.3109756097560975,12.566015330571007,0.170415207387225,0.0254083670880466,0.2104969832482235,225.30303030303037
data/demo_data/fake/singer_a_kaishidongle_005_fake.wav,singer_a,kaishidongle,0.7366666666666667,easy(易检),0.3333333333333333,12.663181648921622,0.2246691212574403,0.0085803711247307,0.4854317351105142,101.6393442622954
data/demo_data/fake/singer_a_kaishidongle_006_fake.wav,singer_a,kaishidongle,0.7166666666666667,easy(易检),0.2868965517241379,13.542463275980245,0.1863957988670227,0.0117356841205119,0.2416560818427014,143.63636363636363
data/demo_data/fake/singer_a_kaishidongle_007_fake.wav,singer_a,kaishidongle,0.3333333333333333,hard(像真),0.2303571428571428,15.445746419705294,0.2687147808216633,0.005319379863918,0.410465981932857,58.22580645161296
data/demo_data/fake/singer_a_kaishidongle_008_fake.wav,singer_a,kaishidongle,0.36666666666666664,hard(像真),0.3582089552238806,12.195226209124714,0.20075856718043,0.0110626776952628,0.3510837072438438,119.57142857142853
data/demo_data/fake/singer_a_kaishidongle_009_fake.wav,singer_a,kaishidongle,0.46,medium,0.2671052631578947,13.350903526516746,0.1672299159101618,0.0179387532034647,0.2292421886150505,192.20779220779235
data/demo_data/fake/singer_a_kaishidongle_010_fake.wav,singer_a,kaishidongle,0.8266666666666667,easy(易检),0.2163406214039125,14.379376653180271,0.2265044120886294,0.00988178718192,0.4195567811910728,98.21052631578948
data/demo_data/fake/singer_a_kaishidongle_011_fake.wav,singer_a,kaishidongle,0.44,medium,0.4010914051841746,10.95452069473738,0.1833375010498141,0.0186475521694278,0.3180396891935161,225.00000000000009
data/demo_data/fake/singer_a_kaishidongle_012_fake.wav,singer_a,kaishidongle,0.5366666666666666,medium,0.2669104204753199,12.129821007071742,0.2553339448708404,0.006968862251662,0.5145486566798808,70.11235955056206
data/demo_data/fake/singer_a_kaishidongle_013_fake.wav,singer_a,kaishidongle,0.67,easy(易检),0.2118055555555555,14.971345104238823,0.2091795301503753,0.0084573313153289,0.3762437149192312,83.04347826086995
data/demo_data/fake/singer_a_kaishidongle_014_fake.wav,singer_a,kaishidongle,0.67,easy(易检),0.2994505494505494,13.425540708657635,0.1795827629361523,0.0197393295114679,0.2843996149135898,186.40625000000028
data/demo_data/fake/singer_a_kaishidongle_015_fake.wav,singer_a,kaishidongle,0.5333333333333333,medium,0.2568681318681318,13.39891979803249,0.234341906950947,0.0117859979839686,0.3482549579525553,123.3734939759037
data/demo_data/fake/singer_a_kaishidongle_016_fake.wav,singer_a,kaishidongle,0.7733333333333333,easy(易检),0.375896700143472,11.946810496221694,0.2066638412724896,0.0142567849325752,0.3251058561977636,159.87179487179483
data/demo_data/fake/singer_a_kaishidongle_017_fake.wav,singer_a,kaishidongle,0.8133333333333334,easy(易检),0.2220888355342136,13.950974726191696,0.2103758621917221,0.011832298465735,0.3154029255350267,121.57894736842094
data/demo_data/fake/singer_a_kaishidongle_018_fake.wav,singer_a,kaishidongle,0.6033333333333334,easy(易检),0.2736602052451539,13.380397821848996,0.2372967887999346,0.0086282089835787,0.334324774730206,92.16867469879531
data/demo_data/fake/singer_a_kaishidongle_019_fake.wav,singer_a,kaishidongle,0.6933333333333334,easy(易检),0.3426573426573426,12.415008027592815,0.1944970523871165,0.0148926353850941,0.3178190250448023,154.76744186046517
data/demo_data/fake/singer_a_kaishidongle_020_fake.wav,singer_a,kaishidongle,0.65,easy(易检),0.3417721518987341,12.802745926185382,0.1743549583072084,0.0200688230389439,0.28438014431228,187.31182795698933
data/demo_data/fake/singer_a_kaishidongle_021_fake.wav,singer_a,kaishidongle,0.71,easy(易检),0.2927374301675978,12.696206453279355,0.1835793858432937,0.0172891712405468,0.2726680070144508,185.97560975609755
data/demo_data/fake/singer_a_kaishidongle_022_fake.wav,singer_a,kaishidongle,0.6433333333333333,easy(易检),0.3026819923371647,12.323001204693227,0.1778149414551727,0.017974673322135,0.2752225068384955,176.77419354838702
data/demo_data/fake/singer_a_kaishidongle_023_fake.wav,singer_a,kaishidongle,0.55,medium,0.1859122401847575,15.209102284429663,0.1745991423544087,0.0188926076635435,0.2506454383976202,184.4318181818185
data/demo_data/fake/singer_a_kaishidongle_024_fake.wav,singer_a,kaishidongle,0.41333333333333333,medium,0.2753623188405797,15.303532168750433,0.2183964582405608,0.0074318191780346,0.367133226361605,91.52777777777774
data/demo_data/fake/singer_a_kaishidongle_025_fake.wav,singer_a,kaishidongle,0.5133333333333333,medium,0.3143203883495146,12.914494089186356,0.1905125430651116,0.0136813886872399,0.2920862136664112,155.89041095890417
data/demo_data/fake/singer_a_kaishidongle_026_fake.wav,singer_a,kaishidongle,0.7966666666666666,easy(易检),0.303886925795053,12.99269688627235,0.1840256191059248,0.0154203190341854,0.3210929500351084,183.3333333333333
data/demo_data/fake/singer_a_kaishidongle_027_fake.wav,singer_a,kaishidongle,0.47333333333333333,medium,0.2106986899563318,13.618274900697154,0.1929271612977932,0.0147471265935354,0.2252545789879228,138.52272727272722
data/demo_data/fake/singer_a_kaishidongle_028_fake.wav,singer_a,kaishidongle,0.73,easy(易检),0.297719087635054,12.146930955642452,0.1659987532028733,0.0189503307646043,0.2386785781866152,192.64367816091956
data/demo_data/fake/singer_a_kaishidongle_029_fake.wav,singer_a,kaishidongle,0.3,hard(像真),0.2979381443298969,13.491344524026758,0.211221089265216,0.0078583257771074,0.2204487139014002,111.42857142857144
data/demo_data/fake/singer_a_kaishidongle_030_fake.wav,singer_a,kaishidongle,0.53,medium,0.3270808909730363,11.863882138000635,0.2167210223636505,0.009536256605538,0.3108251905914297,96.27906976744188
data/demo_data/fake/singer_a_kaishidongle_031_fake.wav,singer_a,kaishidongle,0.6466666666666666,easy(易检),0.2722029988465975,12.9965721897866,0.1635673768229025,0.0232161249451443,0.2402511608795854,238.0487804878048
data/demo_data/fake/singer_a_kaishidongle_032_fake.wav,singer_a,kaishidongle,0.51,medium,0.4145299145299145,10.92258736341157,0.1767580132634795,0.0158379963627268,0.4211065629024059,151.39240506329145
data/demo_data/fake/singer_a_kaishidongle_033_fake.wav,singer_a,kaishidongle,0.49666666666666665,medium,0.4104477611940298,11.384619798513114,0.2506348409786473,0.0082978878771747,0.5404992820932059,88.44827586206898
data/demo_data/fake/singer_a_kaishidongle_034_fake.wav,singer_a,kaishidongle,0.20333333333333334,hard(像真),0.5590551181102362,8.979516250908475,0.2722869487674813,0.0057615218561129,0.530018623944174,53.12500000000053
data/demo_data/fake/singer_a_tiankong2_001_fake.wav,singer_a,tiankong2,0.7,easy(易检),0.1940298507462686,14.640913193447826,0.2287391294693154,0.0088740435373232,0.6320609561783543,88.03921568627463
data/demo_data/fake/singer_a_tiankong2_002_fake.wav,singer_a,tiankong2,0.79,easy(易检),0.2531120331950207,14.051111467583445,0.2336113552440848,0.0071542112793056,0.620490575207377,68.23529411764748
data/demo_data/fake/singer_a_tiankong2_003_fake.wav,singer_a,tiankong2,0.7066666666666667,easy(易检),0.2076271186440678,14.513524197386795,0.2240054879930498,0.0079818323925093,0.5359260597417271,82.14285714285724
data/demo_data/fake/singer_a_tiankong2_004_fake.wav,singer_a,tiankong2,0.64,easy(易检),0.1528861154446177,17.712697239758015,0.2612527863738293,0.0055926484088311,0.6627372113357968,59.21052631579007
data/demo_data/fake/singer_a_tiankong2_005_fake.wav,singer_a,tiankong2,0.53,medium,0.1101928374655647,16.9518647862141,0.2023411575983891,0.0102378141561523,0.4477524897907309,101.44578313253008
data/demo_data/fake/singer_a_tiankong2_006_fake.wav,singer_a,tiankong2,0.6066666666666667,easy(易检),0.2857142857142857,13.899199262958057,0.2294755843899437,0.008633389444406,0.4195130661455713,89.4736842105267
data/demo_data/fake/singer_a_tiankong2_007_fake.wav,singer_a,tiankong2,0.66,easy(易检),0.2168367346938775,15.27296958207552,0.2186078692894944,0.0082181488611366,0.4150737542628879,95.67567567567583
data/demo_data/fake/singer_a_tiankong2_008_fake.wav,singer_a,tiankong2,0.5,medium,0.1488314883148831,16.194775088524437,0.2015850777809559,0.0099580868224277,0.3168478258205774,122.53333333333302
data/demo_data/fake/singer_a_tiankong2_009_fake.wav,singer_a,tiankong2,0.5066666666666667,medium,0.0785340314136125,18.154933552870418,0.1941538042214941,0.008979355129145,0.3288064338667161,96.58823529411748
data/demo_data/fake/singer_a_tiankong2_010_fake.wav,singer_a,tiankong2,0.49333333333333335,medium,0.1221779548472775,16.252153766655805,0.2750633253296234,0.0069422055056368,0.4663390517890431,67.65957446808497
data/demo_data/fake/singer_a_tiankong2_011_fake.wav,singer_a,tiankong2,0.6733333333333333,easy(易检),0.1697792869269949,14.428543281943991,0.2451122233372561,0.0071712392003393,0.5059331775571271,78.33333333333341
data/demo_data/fake/singer_a_tiankong2_012_fake.wav,singer_a,tiankong2,0.6833333333333333,easy(易检),0.221824686940966,14.113396403785584,0.1889419099369723,0.0117824321976981,0.4712973915658663,138.33333333333292
data/demo_data/fake/singer_a_tiankong2_013_fake.wav,singer_a,tiankong2,0.4666666666666667,medium,0.2389127324749642,14.18828387390984,0.209129509920275,0.0089760574997212,0.2696964311751189,100.4054054054057
data/demo_data/fake/singer_a_tiankong2_014_fake.wav,singer_a,tiankong2,0.5933333333333334,medium,0.1596009975062344,15.118172664448824,0.2102350255440736,0.0111889346067397,0.3521135872094635,119.05882352941174
data/demo_data/fake/singer_a_tiankong2_015_fake.wav,singer_a,tiankong2,0.43333333333333335,medium,0.1224489795918367,17.463325780099915,0.2278056337926915,0.0077960183633553,0.4792419434959887,91.9753086419755
data/demo_data/fake/singer_a_tiankong2_016_fake.wav,singer_a,tiankong2,0.49,medium,0.0812641083521444,19.65810062037964,0.2469728133692578,0.0058642482958994,0.3056585082756077,62.76595744680847
data/demo_data/fake/singer_a_tiankong2_017_fake.wav,singer_a,tiankong2,0.5733333333333334,medium,0.1852286049237983,15.907437346580364,0.2257580934272239,0.0078769923864671,0.3072372714551007,89.49999999999986
data/demo_data/fake/singer_a_tiankong2_018_fake.wav,singer_a,tiankong2,0.6233333333333333,easy(易检),0.1274725274725274,17.075970316387178,0.181611077012824,0.0121576129763625,0.3276432437183441,149.22077922077935
data/demo_data/fake/singer_a_tiankong2_019_fake.wav,singer_a,tiankong2,0.5466666666666666,medium,0.2333696837513631,14.900672412116451,0.210298575958947,0.0109915043544091,0.3828312466504515,109.2473118279569
data/demo_data/fake/singer_a_tiankong2_020_fake.wav,singer_a,tiankong2,0.53,medium,0.1781115879828326,14.69162353264518,0.1919454439738741,0.012808689753419,0.2767176101681741,127.15789473684175
data/demo_data/fake/singer_a_tiankong2_021_fake.wav,singer_a,tiankong2,0.6066666666666667,easy(易检),0.3834586466165413,11.806467299534312,0.189388320353362,0.0136493071096844,0.3410515477277848,156.54320987654293
data/demo_data/fake/singer_a_tiankong2_022_fake.wav,singer_a,tiankong2,0.6366666666666667,easy(易检),0.2552486187845303,14.67798833732004,0.1681345176753966,0.0203018954726971,0.1743154166519649,156.06382978723377
data/demo_data/fake/singer_a_tiankong2_023_fake.wav,singer_a,tiankong2,0.58,medium,0.2373271889400921,13.042704251729369,0.1611882332938935,0.0208100795605832,0.1658834324902637,225.92592592592584
data/demo_data/fake/singer_a_tiankong2_024_fake.wav,singer_a,tiankong2,0.7133333333333334,easy(易检),0.2270642201834862,15.01404837894579,0.1870711271678786,0.0139525963303022,0.3049358957455743,163.03030303030286
data/demo_data/fake/singer_a_tiankong2_025_fake.wav,singer_a,tiankong2,0.7066666666666667,easy(易检),0.2831196581196581,13.749955362706078,0.2165304701982806,0.0104937400861639,0.4504371263575683,115.11904761904763
data/demo_data/fake/singer_a_tiankong2_026_fake.wav,singer_a,tiankong2,0.5333333333333333,medium,0.2632978723404255,13.736706407040916,0.2080196789511293,0.0116588077207829,0.3574432584870777,126.3414634146339
data/demo_data/fake/singer_a_tiankong2_027_fake.wav,singer_a,tiankong2,0.31,hard(像真),0.162381596752368,17.274520595769946,0.2504475537216841,0.0054146604774171,0.4850818688929968,57.82051282051287
data/demo_data/fake/singer_b_kaishidongle_003_fake.wav,singer_b,kaishidongle,0.61,easy(易检),0.0961538461538461,19.733050494656293,0.2039190825395149,0.0147970000917695,0.3100973990225183,137.99999999999997
data/demo_data/fake/singer_b_kaishidongle_004_fake.wav,singer_b,kaishidongle,0.30333333333333334,hard(像真),0.1047227926078028,20.39132803030719,0.1754801645660628,0.0169411669776899,0.2036076966276251,168.6301369863015
data/demo_data/fake/singer_b_kaishidongle_005_fake.wav,singer_b,kaishidongle,0.5966666666666667,medium,0.0992555831265508,19.11079948872477,0.2259806389319043,0.0140329430787719,0.3270285315661765,139.2156862745099
data/demo_data/fake/singer_b_kaishidongle_006_fake.wav,singer_b,kaishidongle,0.84,easy(易检),0.0475409836065573,21.63368284935662,0.1686832782573489,0.0245831578448761,0.254459960600877,253.9240506329114
data/demo_data/fake/singer_b_kaishidongle_007_fake.wav,singer_b,kaishidongle,0.24333333333333335,hard(像真),0.1041055718475073,22.44694901839188,0.2125012882637789,0.011342765134382,0.2546419854038858,117.14285714285714
data/demo_data/fake/singer_b_kaishidongle_008_fake.wav,singer_b,kaishidongle,0.72,easy(易检),0.0543293718166383,21.992204083463218,0.1722466469750186,0.0203285179760024,0.2599955532629324,199.28571428571425
data/demo_data/fake/singer_b_kaishidongle_009_fake.wav,singer_b,kaishidongle,0.5433333333333333,medium,0.1025641025641025,20.519322782385395,0.2007714455127791,0.0164197920109348,0.2457304426378097,167.93103448275855
data/demo_data/fake/singer_b_kaishidongle_010_fake.wav,singer_b,kaishidongle,0.67,easy(易检),0.0571010248901903,21.13853465370248,0.1852054504624219,0.0193095371722496,0.1896844243714218,204.1666666666668
data/demo_data/fake/singer_b_kaishidongle_011_fake.wav,singer_b,kaishidongle,0.4266666666666667,medium,0.1078998073217726,20.03728859538508,0.1684990483911817,0.024993794863828,0.2224404506123052,246.80555555555577
data/demo_data/fake/singer_b_kaishidongle_012_fake.wav,singer_b,kaishidongle,0.5,medium,0.1142857142857142,21.661357049959324,0.263043027933147,0.0086030490818518,0.5478478498223894,80.00000000000014
data/demo_data/fake/singer_b_kaishidongle_014_fake.wav,singer_b,kaishidongle,0.48333333333333334,medium,0.0915032679738562,20.526264290943697,0.1958516900036566,0.0140980609118205,0.2983355600611597,143.62068965517247
data/demo_data/fake/singer_b_kaishidongle_015_fake.wav,singer_b,kaishidongle,0.3566666666666667,hard(像真),0.1669691470054446,18.170113018206468,0.1659536048666937,0.0297330982425064,0.2567875714842997,297.49999999999994
data/demo_data/fake/singer_b_kaishidongle_016_fake.wav,singer_b,kaishidongle,0.45666666666666667,medium,0.1008403361344537,19.53289608375332,0.1510786094681384,0.045025787695541,0.1508515263652456,480.0
data/demo_data/fake/singer_b_kaishidongle_017_fake.wav,singer_b,kaishidongle,0.73,easy(易检),0.0502035278154681,22.485526378387224,0.1948254900242416,0.0143855417931895,0.2383393551963025,163.2926829268293
data/demo_data/fake/singer_b_kaishidongle_018_fake.wav,singer_b,kaishidongle,0.47333333333333333,medium,0.088,22.238994180088184,0.1783468640657137,0.0171272420662254,0.2638551356852226,159.29577464788713
data/demo_data/fake/singer_b_kaishidongle_019_fake.wav,singer_b,kaishidongle,0.7733333333333333,easy(易检),0.0652173913043478,21.56133914292933,0.1672898379774214,0.0255939370883776,0.1693817342562714,256.09756097560984
data/demo_data/fake/singer_b_kaishidongle_020_fake.wav,singer_b,kaishidongle,0.6666666666666666,easy(易检),0.0964028776978417,20.29120374254544,0.220588596856564,0.01540543359713,0.3081312114426159,162.91139240506334
data/demo_data/fake/singer_b_kaishidongle_021_fake.wav,singer_b,kaishidongle,0.14333333333333334,hard(像真),0.1348464619492657,18.9963393617267,0.1641055968705187,0.0257157132827822,0.2112213361845978,265.75
data/demo_data/fake/singer_b_kaishidongle_022_fake.wav,singer_b,kaishidongle,0.44,medium,0.127134724857685,20.144445054984736,0.1798719486891886,0.0176121353473799,0.3023074786656246,155.40540540540553
data/demo_data/fake/singer_b_kaishidongle_023_fake.wav,singer_b,kaishidongle,0.6966666666666667,easy(易检),0.0273972602739726,25.60026838644323,0.1632362348228574,0.0224688614775859,0.293198139669112,244.42622950819637
data/demo_data/fake/singer_b_kaishidongle_024_fake.wav,singer_b,kaishidongle,0.7366666666666667,easy(易检),0.048048048048048,23.71618406166385,0.1864025349318827,0.0176999176910286,0.3093670134446496,162.45614035087723
data/demo_data/fake/singer_b_kaishidongle_025_fake.wav,singer_b,kaishidongle,0.5133333333333333,medium,0.1231884057971014,20.169213024989716,0.1986367126532934,0.0173635857614412,0.3063661259500897,178.10344827586167
data/demo_data/fake/singer_b_kaishidongle_026_fake.wav,singer_b,kaishidongle,0.5166666666666667,medium,0.1042296072507553,20.317056953269184,0.1665709256644435,0.0236149930916598,0.2007772415569227,268.94736842105254
data/demo_data/fake/singer_b_kaishidongle_027_fake.wav,singer_b,kaishidongle,0.7833333333333333,easy(易检),0.065028901734104,20.358978383923965,0.1793527292694651,0.0212044121632745,0.253906599719751,206.9767441860466
data/demo_data/fake/singer_b_kaishidongle_028_fake.wav,singer_b,kaishidongle,0.5266666666666666,medium,0.1011396011396011,19.43903147621426,0.165800082749801,0.0303954816178266,0.1803343748333163,313.5802469135803
data/demo_data/fake/singer_b_kaishidongle_029_fake.wav,singer_b,kaishidongle,0.5,medium,0.0974155069582504,19.93747494624597,0.1770407755048776,0.0195976211793004,0.2365571714991295,190.83333333333337
data/demo_data/fake/singer_b_kaishidongle_030_fake.wav,singer_b,kaishidongle,0.75,easy(易检),0.0484848484848484,21.946915537094632,0.2807578055693336,0.0073672299479142,0.532258914703387,75.26315789473661
data/demo_data/fake/singer_b_tianheihei_001_fake.wav,singer_b,tianheihei,0.38666666666666666,hard(像真),0.2117903930131004,16.193193187551824,0.223866380057381,0.012540943837915,0.4047773133414867,130.18518518518533
data/demo_data/fake/singer_b_tianheihei_002_fake.wav,singer_b,tianheihei,0.6466666666666666,easy(易检),0.1045016077170418,20.48320884872243,0.2266200109029015,0.0129167864547125,0.3343694487606166,132.5675675675675
data/demo_data/fake/singer_b_tianheihei_003_fake.wav,singer_b,tianheihei,0.6733333333333333,easy(易检),0.1243781094527363,19.71861391156725,0.1888607398159524,0.0158036046214666,0.2499040813256935,152.3684210526316
data/demo_data/fake/singer_b_tianheihei_004_fake.wav,singer_b,tianheihei,0.6733333333333333,easy(易检),0.0929432013769363,21.33819176155654,0.2214875995746529,0.011031462968004,0.4630462938822172,120.55555555555564
data/demo_data/fake/singer_b_tianheihei_005_fake.wav,singer_b,tianheihei,0.5033333333333333,medium,0.1218487394957983,20.68957945118768,0.2176151549306021,0.0121965521455167,0.426420039378323,122.32142857142856
data/demo_data/fake/singer_b_tianheihei_006_fake.wav,singer_b,tianheihei,0.5033333333333333,medium,0.1285081240768094,20.20421646093097,0.202729088535419,0.0150053385567479,0.4173337705310725,163.62318840579698
data/demo_data/fake/singer_b_tianheihei_007_fake.wav,singer_b,tianheihei,0.6633333333333333,easy(易检),0.1145194274028629,19.70193398614825,0.1852582904202712,0.0199623015221241,0.330448313523131,188.6666666666667
data/demo_data/fake/singer_b_tianheihei_008_fake.wav,singer_b,tianheihei,0.5866666666666667,medium,0.0771992818671454,22.98494540496971,0.2449885323270594,0.008075161307434,0.5384501664382366,94.0677966101691
data/demo_data/fake/singer_b_tianheihei_009_fake.wav,singer_b,tianheihei,0.4633333333333333,medium,0.0728476821192053,22.439838693258068,0.1764246729378479,0.0207680943982597,0.2774954996293113,203.63636363636363
data/demo_data/fake/singer_b_tianheihei_010_fake.wav,singer_b,tianheihei,0.5566666666666666,medium,0.1072902338376891,20.6760780610626,0.1891656622350276,0.0201591215636525,0.2184863111324809,220.2631578947372
data/demo_data/fake/singer_b_tianheihei_011_fake.wav,singer_b,tianheihei,0.2966666666666667,hard(像真),0.1204986149584487,20.4727770142896,0.183590182648111,0.0213443681569092,0.292382074266875,198.24999999999983
data/demo_data/fake/singer_b_tianheihei_012_fake.wav,singer_b,tianheihei,0.6366666666666667,easy(易检),0.0605612998522895,21.455346153754764,0.1655725789121985,0.027551275361234,0.2014908640119407,258.98876404494376
data/demo_data/fake/singer_b_tianheihei_013_fake.wav,singer_b,tianheihei,0.3566666666666667,hard(像真),0.0755007704160246,23.327340079246053,0.168368976452729,0.0284600883686954,0.2875790330397362,250.22988505747125
data/demo_data/fake/singer_b_tianheihei_015_fake.wav,singer_b,tianheihei,0.6,easy(易检),0.092511013215859,20.380028672767832,0.1838253452884561,0.0188943026680034,0.2498066997318396,176.26865671641795
data/demo_data/fake/singer_b_tianheihei_016_fake.wav,singer_b,tianheihei,0.2,hard(像真),0.1598793363499245,18.661246619896374,0.1830781479753513,0.0204607978330255,0.2775241682749885,190.7317073170732
data/demo_data/fake/singer_b_tianheihei_017_fake.wav,singer_b,tianheihei,0.65,easy(易检),0.0663780663780663,21.383441583323798,0.1701484134084932,0.0249062984531374,0.2464516776108124,226.47727272727263
data/demo_data/fake/singer_b_tianheihei_018_fake.wav,singer_b,tianheihei,0.5233333333333333,medium,0.0892143808255659,21.03352172135249,0.168199990391399,0.026621569974391,0.2747757363538803,247.4074074074076
data/demo_data/fake/singer_b_tianheihei_019_fake.wav,singer_b,tianheihei,0.2866666666666667,hard(像真),0.0886792452830188,22.865095211978968,0.2111364765275584,0.016526463244044,0.3345664860266792,160.77922077922096
data/demo_data/fake/singer_b_tianheihei_020_fake.wav,singer_b,tianheihei,0.15666666666666668,hard(像真),0.1969696969696969,16.859360767527278,0.1890487437395674,0.0201065075469349,0.3131161635758988,172.7999999999999
data/demo_data/fake/singer_b_tianheihei_021_fake.wav,singer_b,tianheihei,0.57,medium,0.1151736745886654,19.18749278771661,0.2018640798141915,0.0167875824699893,0.3925168050267961,172.77777777777789
data/demo_data/fake/singer_b_tianheihei_022_fake.wav,singer_b,tianheihei,0.5233333333333333,medium,0.1297169811320754,18.569569827157963,0.2040630514419939,0.0177420583191973,0.3855120623611933,167.60000000000002
data/demo_data/fake/singer_b_tianheihei_023_fake.wav,singer_b,tianheihei,0.36666666666666664,hard(像真),0.2006472491909385,16.399471753500663,0.1789284336368825,0.0263072582549186,0.3929733797551405,208.8333333333334
data/demo_data/fake/singer_b_tianheihei_024_fake.wav,singer_b,tianheihei,0.47,medium,0.0608465608465608,21.42027955891817,0.239489918584268,0.0083949587573625,0.2819770299608887,92.27272727272738
data/demo_data/fake/singer_b_tianheihei_025_fake.wav,singer_b,tianheihei,0.3,hard(像真),0.2392026578073089,17.0733923593322,0.2011304228132823,0.0154365724868368,0.4648234015018367,137.5555555555558
data/demo_data/fake/singer_b_woyaodexingfu_002_fake.wav,singer_b,woyaodexingfu,0.5633333333333334,medium,0.2110091743119266,16.464504726854116,0.2476089545976286,0.0119942110236169,0.5615887417293521,101.00000000000048
data/demo_data/fake/singer_b_woyaodexingfu_003_fake.wav,singer_b,woyaodexingfu,0.43333333333333335,medium,0.0771028037383177,20.978493989834966,0.2413166146416136,0.0094062319270294,0.4307994397693986,105.62500000000006
data/demo_data/fake/singer_b_woyaodexingfu_004_fake.wav,singer_b,woyaodexingfu,0.49,medium,0.0688468158347676,21.31271132665866,0.1985667662521001,0.012535028784715,0.287133088633913,102.71428571428572
data/demo_data/fake/singer_b_woyaodexingfu_005_fake.wav,singer_b,woyaodexingfu,0.69,easy(易检),0.0468227424749163,23.163734499182464,0.1936027764082867,0.0173315914855219,0.2843947404838224,194.15384615384608
data/demo_data/fake/singer_b_woyaodexingfu_006_fake.wav,singer_b,woyaodexingfu,0.5866666666666667,medium,0.0915619389587073,20.633161713477985,0.1926374241958975,0.0133317605273182,0.24171157275082,143.03030303030275
data/demo_data/fake/singer_b_woyaodexingfu_007_fake.wav,singer_b,woyaodexingfu,0.5966666666666667,medium,0.08,21.7738920600117,0.1829865257491631,0.0144868279942418,0.2923840995921223,148.03030303030326
data/demo_data/fake/singer_b_woyaodexingfu_008_fake.wav,singer_b,woyaodexingfu,0.5433333333333333,medium,0.041388518024032,21.832899643471475,0.2619762621996228,0.0069181462776031,0.382969360495332,77.76119402985069
data/demo_data/fake/singer_b_woyaodexingfu_009_fake.wav,singer_b,woyaodexingfu,0.73,easy(易检),0.0369897959183673,23.835138546280845,0.1678764237483007,0.0226361499023618,0.1925735286869939,220.25
data/demo_data/fake/singer_b_woyaodexingfu_010_fake.wav,singer_b,woyaodexingfu,0.4666666666666667,medium,0.0734908136482939,21.249633321131725,0.1708573954687978,0.0237690891841681,0.2074672469497609,207.65957446808517
data/demo_data/fake/singer_b_woyaodexingfu_011_fake.wav,singer_b,woyaodexingfu,0.56,medium,0.0325644504748982,24.79313177708403,0.1745117957211196,0.0181543242520945,0.2399337574384668,192.11764705882348
data/demo_data/fake/singer_b_woyaodexingfu_012_fake.wav,singer_b,woyaodexingfu,0.33,hard(像真),0.0472972972972973,30.47080475375923,0.1870135973832926,0.0120881565169368,0.3173695456799115,109.14285714285728
data/demo_data/fake/singer_b_woyaodexingfu_013_fake.wav,singer_b,woyaodexingfu,0.6166666666666667,easy(易检),0.0848806366047745,18.789415946676964,0.2863914618482672,0.0078661418017306,0.3028836133588667,95.38461538461532
data/demo_data/fake/singer_b_woyaodexingfu_014_fake.wav,singer_b,woyaodexingfu,0.7,easy(易检),0.0464344941956882,20.53609251231331,0.2186246590623251,0.0117866979981696,0.2964275628331402,113.37500000000009
data/demo_data/fake/singer_b_woyaodexingfu_015_fake.wav,singer_b,woyaodexingfu,0.49333333333333335,medium,0.1008849557522123,20.571380794639182,0.1875754841684507,0.0163442504260967,0.2659089793406005,157.97101449275357
data/demo_data/fake/singer_b_woyaodexingfu_016_fake.wav,singer_b,woyaodexingfu,0.7833333333333333,easy(易检),0.0394537177541729,22.703891345354076,0.1792415729154055,0.0232333697070636,0.2101789171709606,249.74683544303792
data/demo_data/fake/singer_b_woyaodexingfu_017_fake.wav,singer_b,woyaodexingfu,0.38,hard(像真),0.0396419437340153,23.262893260597806,0.1556299285820471,0.0299429364918069,0.1648132981074881,242.15053763440864
data/demo_data/fake/singer_b_woyaodexingfu_018_fake.wav,singer_b,woyaodexingfu,0.57,medium,0.0473815461346633,23.161203904526445,0.1714182384444755,0.0207211654005991,0.2026047228066201,203.44444444444431
data/demo_data/fake/singer_b_woyaodexingfu_019_fake.wav,singer_b,woyaodexingfu,0.5933333333333334,medium,0.0301109350237717,25.85457760681069,0.2330589651238442,0.0104708791257691,0.3415073019709098,134.99999999999997
data/demo_data/fake/singer_b_woyaodexingfu_020_fake.wav,singer_b,woyaodexingfu,0.23,hard(像真),0.127348643006263,20.26794807059425,0.1926601761922965,0.0148169736639833,0.3141687164570022,135.34090909090918
data/demo_data/fake/singer_b_woyaodexingfu_021_fake.wav,singer_b,woyaodexingfu,0.66,easy(易检),0.0698576972833117,20.32311950272551,0.1618440100271339,0.032108932798266,0.1400794888467081,281.4942528735633
data/demo_data/fake/singer_b_woyaodexingfu_022_fake.wav,singer_b,woyaodexingfu,0.7966666666666666,easy(易检),0.0648854961832061,19.759270712307348,0.1634802261701539,0.0308227985078418,0.1731352396415852,335.99999999999966
data/demo_data/fake/singer_b_woyaodexingfu_023_fake.wav,singer_b,woyaodexingfu,0.7,easy(易检),0.055207026348808,22.124138196447653,0.1945923118388034,0.0145101338874091,0.1953211117626145,172.17948717948732
data/demo_data/fake/singer_b_woyaodexingfu_024_fake.wav,singer_b,woyaodexingfu,0.30333333333333334,hard(像真),0.0666666666666666,23.874810986716263,0.251057599622235,0.0092725199139331,0.318421781325996,109.25373134328382
data/demo_data/fake/singer_c_juhao_001_fake.wav,singer_c,juhao,0.39,hard(像真),0.3303030303030303,11.814440374086846,0.1980737138434695,0.0119249999707072,0.2208850073573438,142.95454545454538
data/demo_data/fake/singer_c_juhao_002_fake.wav,singer_c,juhao,0.5466666666666666,medium,0.3463541666666667,12.807225968568847,0.223013782129632,0.0135946249497113,0.2629342678763756,146.79999999999978
data/demo_data/fake/singer_c_juhao_003_fake.wav,singer_c,juhao,0.5366666666666666,medium,0.2991014120667522,11.885102073972249,0.2237143073418082,0.0118407260618901,0.2833253298071587,143.48484848484853
data/demo_data/fake/singer_c_juhao_004_fake.wav,singer_c,juhao,0.8666666666666667,easy(易检),0.2190082644628099,13.501738788111547,0.1671817238568722,0.026351842238474,0.2933155989885249,271.2790697674418
data/demo_data/fake/singer_c_juhao_005_fake.wav,singer_c,juhao,0.7666666666666667,easy(易检),0.2802631578947368,12.459263228910707,0.2212219908439559,0.0155560125141806,0.3360725509432409,160.34883720930242
data/demo_data/fake/singer_c_juhao_006_fake.wav,singer_c,juhao,0.5833333333333334,medium,0.2964244521337947,12.976184618014663,0.1868065004439076,0.0226667616609556,0.2669660845274377,209.3333333333333
data/demo_data/fake/singer_c_juhao_007_fake.wav,singer_c,juhao,0.7466666666666667,easy(易检),0.2798672566371681,13.44888273207916,0.1941155865210233,0.0162191525546932,0.2791441147605782,151.07526881720426
data/demo_data/fake/singer_c_juhao_008_fake.wav,singer_c,juhao,0.5266666666666666,medium,0.4141843971631205,11.054854932599511,0.2120525497926922,0.0153403545762792,0.511957762144749,141.48148148148138
data/demo_data/fake/singer_c_juhao_009_fake.wav,singer_c,juhao,0.3333333333333333,hard(像真),0.5339622641509434,9.172817581072438,0.1855209651104072,0.0155121783224275,0.3600238273665224,157.08333333333334
data/demo_data/fake/singer_c_juhao_010_fake.wav,singer_c,juhao,0.86,easy(易检),0.3040791100123609,12.722689943504822,0.1976487506135195,0.0184743920332183,0.2796366588989628,180.7692307692308
data/demo_data/fake/singer_c_juhao_011_fake.wav,singer_c,juhao,0.7166666666666667,easy(易检),0.3022113022113022,13.125409763753158,0.2004163300500045,0.0151702035239569,0.2157196250786383,148.2291666666667
data/demo_data/fake/singer_c_juhao_012_fake.wav,singer_c,juhao,0.54,medium,0.3194774346793349,12.666332057019954,0.167766216156792,0.0237456838399097,0.2104744448570445,215.46391752577333
data/demo_data/fake/singer_c_juhao_013_fake.wav,singer_c,juhao,0.63,easy(易检),0.3109339407744875,12.706131827397842,0.1894914741029396,0.0158923934610792,0.2038649941196059,167.44444444444431
data/demo_data/fake/singer_c_juhao_014_fake.wav,singer_c,juhao,0.6733333333333333,easy(易检),0.3185279187817258,11.787786023376285,0.1886531616525956,0.0196566988012767,0.2698016838561969,178.6956521739129
data/demo_data/fake/singer_c_juhao_015_fake.wav,singer_c,juhao,0.7433333333333333,easy(易检),0.2634032634032634,12.906391219890851,0.2196604436833462,0.0108394575994517,0.3425100057393273,130.8571428571427
data/demo_data/fake/singer_c_juhao_016_fake.wav,singer_c,juhao,0.6866666666666666,easy(易检),0.3564356435643564,11.713136973038743,0.1684914509695295,0.0279270393148229,0.338492161219738,267.0731707317072
data/demo_data/fake/singer_c_juhao_017_fake.wav,singer_c,juhao,0.19,hard(像真),0.4728813559322034,9.631355302689856,0.1730807463102379,0.0181741528252808,0.3752792859417289,151.42857142857136
data/demo_data/fake/singer_c_juhao_018_fake.wav,singer_c,juhao,0.7933333333333333,easy(易检),0.3118556701030928,12.141449880812134,0.1921175914825975,0.017931672737397,0.3056278387507831,168.57142857142858
data/demo_data/fake/singer_c_juhao_019_fake.wav,singer_c,juhao,0.6733333333333333,easy(易检),0.2756952841596131,13.65134772321326,0.2104265874182322,0.0178024912252752,0.3379500136625141,173.9759036144577
data/demo_data/fake/singer_c_juhao_020_fake.wav,singer_c,juhao,0.4666666666666667,medium,0.4037267080745341,10.865337274851097,0.1707714827729892,0.0257392599054038,0.2712461410525977,208.47058823529423
data/demo_data/fake/singer_c_juhao_021_fake.wav,singer_c,juhao,0.6666666666666666,easy(易检),0.2455026455026455,13.10043259198047,0.236434685179428,0.011236535488932,0.3532491780717737,129.88372093023253
data/demo_data/fake/singer_c_juhao_022_fake.wav,singer_c,juhao,0.5133333333333333,medium,0.240085744908896,13.283719013531458,0.196266783327153,0.0177069277326765,0.2630410904702728,197.1084337349396
data/demo_data/fake/singer_c_juhao_023_fake.wav,singer_c,juhao,0.61,easy(易检),0.2808607021517554,12.621374617441608,0.1938699002066779,0.0152029844771492,0.2693447644008491,160.68181818181824
data/demo_data/fake/singer_c_juhao_024_fake.wav,singer_c,juhao,0.5766666666666667,medium,0.1957671957671957,13.808111064053524,0.1863498269335824,0.0147121712487245,0.1777541327723715,152.6041666666665
data/demo_data/fake/singer_c_juhao_025_fake.wav,singer_c,juhao,0.5566666666666666,medium,0.2580645161290322,12.515217752782329,0.1753430704182779,0.0206214990247205,0.206128722556746,209.1304347826086
data/demo_data/fake/singer_c_juhao_026_fake.wav,singer_c,juhao,0.43666666666666665,medium,0.4107784431137724,10.978256537216607,0.1743685515842697,0.024134973811664,0.2098792811359167,236.9767441860465
data/demo_data/fake/singer_c_juhao_027_fake.wav,singer_c,juhao,0.3333333333333333,hard(像真),0.44668911335578,10.010144183510135,0.1894322495209441,0.0229997060536005,0.2612908521943561,223.41463414634137
data/demo_data/fake/singer_c_juhao_028_fake.wav,singer_c,juhao,0.37,hard(像真),0.4304347826086956,10.442162275690226,0.1821264222699818,0.0210962516397718,0.2776296661147921,185.78313253012024
data/demo_data/fake/singer_c_juhao_029_fake.wav,singer_c,juhao,0.11666666666666667,hard(像真),0.532803180914513,8.747580972024824,0.193735955932288,0.0128573018562544,0.417243439156262,132.43243243243245
data/demo_data/fake/singer_c_tiankong_002_fake.wav,singer_c,tiankong,0.25333333333333335,hard(像真),0.4705882352941176,9.643097853014098,0.2480118229867162,0.0109219053840379,0.4301842545933366,117.50000000000054
data/demo_data/fake/singer_c_tiankong_003_fake.wav,singer_c,tiankong,0.5866666666666667,medium,0.3502358490566037,11.8435666261251,0.2277670542511246,0.0160689503355596,0.3573266891010182,146.17977528089895
data/demo_data/fake/singer_c_tiankong_004_fake.wav,singer_c,tiankong,0.7066666666666667,easy(易检),0.3441860465116279,11.93361817558483,0.1921819213459557,0.0175537568351696,0.2802330605063682,180.00000000000017
data/demo_data/fake/singer_c_tiankong_005_fake.wav,singer_c,tiankong,0.6233333333333333,easy(易检),0.3181286549707602,12.713244268710373,0.1789570119206276,0.0232864297672735,0.2700292828264318,215.1190476190476
data/demo_data/fake/singer_c_tiankong_006_fake.wav,singer_c,tiankong,0.63,easy(易检),0.2962962962962963,12.221251308088563,0.1717972979198276,0.0240550430040655,0.2309439928972314,244.17582417582437
data/demo_data/fake/singer_c_tiankong_007_fake.wav,singer_c,tiankong,0.6466666666666666,easy(易检),0.2668298653610771,12.924008422371076,0.1910133206331706,0.0225935416674109,0.2389962201120423,233.6144578313252
data/demo_data/fake/singer_c_tiankong_008_fake.wav,singer_c,tiankong,0.5166666666666667,medium,0.1796536796536796,13.80919150144045,0.1667591426334284,0.0225027972017187,0.1524501657574664,233.1111111111112
data/demo_data/fake/singer_c_tiankong_009_fake.wav,singer_c,tiankong,0.81,easy(易检),0.1565600882028666,14.326175063659647,0.1843966700292614,0.0121138212795754,0.2037989973607466,144.69135802469148
data/demo_data/fake/singer_c_tiankong_010_fake.wav,singer_c,tiankong,0.7633333333333333,easy(易检),0.2117903930131004,13.59407092362146,0.2071909510806278,0.0107539310827947,0.426286102861301,134.18918918918908
data/demo_data/fake/singer_c_tiankong_011_fake.wav,singer_c,tiankong,0.7633333333333333,easy(易检),0.1942528735632183,13.831231089024628,0.1886944079455488,0.0256398333626294,0.2423532806851644,244.1573033707864
data/demo_data/fake/singer_c_tiankong_012_fake.wav,singer_c,tiankong,0.8,easy(易检),0.345707656612529,11.6013018996164,0.1991702835527813,0.0194914085161276,0.3241148717430223,187.90123456790135
data/demo_data/fake/singer_c_tiankong_013_fake.wav,singer_c,tiankong,0.51,medium,0.3138856476079346,12.377134412037735,0.199246249445903,0.0201943454038353,0.2636443544281958,200.3571428571429
data/demo_data/fake/singer_c_tiankong_014_fake.wav,singer_c,tiankong,0.7266666666666667,easy(易检),0.2485276796230859,13.576567848097897,0.1869450056287615,0.0205719066743473,0.2333567395007812,181.93181818181847
data/demo_data/fake/singer_c_tiankong_015_fake.wav,singer_c,tiankong,0.5766666666666667,medium,0.2982673267326732,12.508710937284071,0.163153935181329,0.0378585502444005,0.1707003392751133,378.0246913580246
data/demo_data/fake/singer_c_tiankong_016_fake.wav,singer_c,tiankong,0.7366666666666667,easy(易检),0.2682038834951456,12.422302397406233,0.1648407068426032,0.0402977571964179,0.1802489303683817,388.4337349397591
data/demo_data/fake/singer_c_tiankong_017_fake.wav,singer_c,tiankong,0.61,easy(易检),0.1726457399103139,14.179437411365567,0.1721880702908896,0.0293013661972081,0.1499051002200662,307.81609195402314
data/demo_data/fake/singer_c_tiankong_018_fake.wav,singer_c,tiankong,0.7,easy(易检),0.1768421052631578,14.34793365236849,0.1894509342110481,0.0131284671138833,0.1557515700445402,164.64285714285714
data/demo_data/fake/singer_c_tiankong_019_fake.wav,singer_c,tiankong,0.7966666666666666,easy(易检),0.1679389312977099,14.447580724641895,0.1983510502737179,0.012995912636801,0.2333649775679654,162.8
data/demo_data/fake/singer_c_tiankong_020_fake.wav,singer_c,tiankong,0.5766666666666667,medium,0.1927860696517413,13.7221253013152,0.1685220553450011,0.0235987297762705,0.2350201742013278,255.529411764706
data/demo_data/fake/singer_c_tiankong_021_fake.wav,singer_c,tiankong,0.5866666666666667,medium,0.3596059113300492,10.57230614084613,0.1581325548957393,0.0508438826015019,0.1413791893703925,427.4157303370785
data/demo_data/fake/singer_c_tiankong_022_fake.wav,singer_c,tiankong,0.5033333333333333,medium,0.3821989528795811,10.983446149584246,0.1811799217439935,0.0165197154972769,0.2159169560855227,175.5172413793105
data/demo_data/fake/singer_c_tiankong_023_fake.wav,singer_c,tiankong,0.6366666666666667,easy(易检),0.1545293072824156,14.86708343373164,0.2245160741586959,0.0101777560302689,0.4205796409735772,125.5882352941177
data/demo_data/fake/singer_c_tiankong_024_fake.wav,singer_c,tiankong,0.6133333333333333,easy(易检),0.2961104140526976,13.700099773257518,0.1791450367614752,0.0149978186674447,0.2921623975088013,174.49999999999994
data/demo_data/fake/singer_c_tiankong_025_fake.wav,singer_c,tiankong,0.4,medium,0.148663101604278,14.874398063012393,0.2768520716412466,0.0063458351852945,0.3973683554349216,88.50746268656742
data/demo_data/fake/singer_c_tiankong_026_fake.wav,singer_c,tiankong,0.54,medium,0.2387892376681614,13.436246130221248,0.1884808355144305,0.0122025033384111,0.2048240493627406,130.69767441860478
data/demo_data/fake/singer_c_tiankong_027_fake.wav,singer_c,tiankong,0.72,easy(易检),0.2218717139852786,13.375365863441004,0.1737249729723445,0.0205338332056211,0.1696472607771228,216.58536585365863
data/demo_data/fake/singer_c_tiankong_028_fake.wav,singer_c,tiankong,0.59,medium,0.2035490605427975,13.503841097747475,0.1905587091077133,0.0125431432291693,0.2631264607490982,142.68292682926844
data/demo_data/fake/singer_c_tiankong_029_fake.wav,singer_c,tiankong,0.73,easy(易检),0.2719486081370449,12.47318660420425,0.2306834280487982,0.0124406682647812,0.3043532684031491,143.42105263157896
data/demo_data/fake/singer_c_tiankong_030_fake.wav,singer_c,tiankong,0.6566666666666666,easy(易检),0.1590678824721378,14.3481101387045,0.208996434269689,0.0126537524853572,0.2601951865041579,135.59523809523836
data/demo_data/fake/singer_c_tiankong_031_fake.wav,singer_c,tiankong,0.56,medium,0.3122119815668203,12.175744746354342,0.1702125318248695,0.0247367438244655,0.1869188537269414,296.8354430379748
data/demo_data/fake/singer_c_tiankong_032_fake.wav,singer_c,tiankong,0.6666666666666666,easy(易检),0.2807215332581736,12.82411282763618,0.153965015398457,0.0324367853273975,0.1738174674315301,298.33333333333314
data/demo_data/fake/singer_c_tiankong_033_fake.wav,singer_c,tiankong,0.5466666666666666,medium,0.1787941787941788,14.581677568519511,0.2072365481224788,0.0095915279220043,0.3489789166189488,115.06172839506178
data/demo_data/fake/singer_c_tiankong_034_fake.wav,singer_c,tiankong,0.5666666666666667,medium,0.1898148148148148,14.400343615810629,0.2445850663952082,0.0096638488068125,0.3707708124632463,107.9310344827588
data/demo_data/fake/singer_c_tiankong_035_fake.wav,singer_c,tiankong,0.65,easy(易检),0.1233333333333333,14.937495807725888,0.3172788868307421,0.0060198724333731,0.5990539995720924,65.7777777777781
data/demo_data/fake/singer_c_walkonwater_001_fake.wav,singer_c,walkonwater,0.49666666666666665,medium,0.4447852760736196,9.84307733127451,0.2669299303700038,0.0092981558123842,0.4412302513726444,91.61290322580646
data/demo_data/fake/singer_c_walkonwater_002_fake.wav,singer_c,walkonwater,0.7066666666666667,easy(易检),0.3259259259259259,11.765876946051495,0.2292656194507068,0.0162757139059553,0.3204254644579058,161.68674698795164
data/demo_data/fake/singer_c_walkonwater_003_fake.wav,singer_c,walkonwater,0.35333333333333333,hard(像真),0.4363957597173145,9.815838217378143,0.2270734640771213,0.0137578697316796,0.321161285071419,125.69767441860452
data/demo_data/fake/singer_c_walkonwater_004_fake.wav,singer_c,walkonwater,0.49666666666666665,medium,0.3808139534883721,11.491539681385856,0.2291364985480498,0.0173007465344256,0.3706754174764417,148.61702127659586
data/demo_data/fake/singer_c_walkonwater_005_fake.wav,singer_c,walkonwater,0.6266666666666667,easy(易检),0.3900826446280991,11.40952433008893,0.1841141572334675,0.0211676879269204,0.29250852579055,187.61904761904768
data/demo_data/fake/singer_c_walkonwater_006_fake.wav,singer_c,walkonwater,0.82,easy(易检),0.2992481203007519,12.17157880985475,0.2211922311121943,0.0147903570711572,0.244309485996084,143.44444444444449
data/demo_data/fake/singer_c_walkonwater_007_fake.wav,singer_c,walkonwater,0.44,medium,0.4317817014446228,10.797495813965352,0.2255535456111416,0.0146341391033354,0.2984235166618326,139.6470588235294
data/demo_data/fake/singer_c_walkonwater_008_fake.wav,singer_c,walkonwater,0.4266666666666667,medium,0.3333333333333333,11.876665888122066,0.237937085147757,0.0111718263082391,0.3993555712335593,113.0769230769228
data/demo_data/fake/singer_c_walkonwater_009_fake.wav,singer_c,walkonwater,0.8733333333333333,easy(易检),0.2889963724304716,13.071156775375714,0.1993625302057396,0.015273483436731,0.3309082397425051,142.80898876404493
data/demo_data/fake/singer_c_walkonwater_010_fake.wav,singer_c,walkonwater,0.6233333333333333,easy(易检),0.2916666666666667,12.440030473304686,0.194910493479914,0.0159246594155554,0.3044153191937819,166.630434782609
data/demo_data/fake/singer_c_walkonwater_011_fake.wav,singer_c,walkonwater,0.7,easy(易检),0.3386503067484662,11.904854004940477,0.2128650632989634,0.0124604240426503,0.3767347121743721,136.90476190476198
data/demo_data/fake/singer_c_walkonwater_012_fake.wav,singer_c,walkonwater,0.77,easy(易检),0.3080110497237569,12.538826788802805,0.1902762288903108,0.0219795928258341,0.3075683484316014,197.80219780219767
data/demo_data/fake/singer_c_walkonwater_013_fake.wav,singer_c,walkonwater,0.7633333333333333,easy(易检),0.3645990922844175,11.603786016995482,0.1980883631836363,0.0170810412192989,0.3624693334778024,151.34020618556704
data/demo_data/fake/singer_c_walkonwater_014_fake.wav,singer_c,walkonwater,0.83,easy(易检),0.3151862464183381,11.686620180976718,0.1996261320055531,0.0177739206952941,0.2620056171911039,174.51219512195124
data/demo_data/fake/singer_c_walkonwater_015_fake.wav,singer_c,walkonwater,0.6066666666666667,easy(易检),0.2737920937042459,12.86965298820561,0.1962427374516526,0.0153874056771335,0.2984915465501209,142.16494845360825
data/demo_data/fake/singer_c_walkonwater_016_fake.wav,singer_c,walkonwater,0.8833333333333333,easy(易检),0.3208489388264669,12.245586712329684,0.2038255652190498,0.0150784682924756,0.4003099352792859,154.3209876543206
data/demo_data/fake/singer_c_walkonwater_017_fake.wav,singer_c,walkonwater,0.76,easy(易检),0.3341869398207426,11.900498597589811,0.1821562899222133,0.0176116368143994,0.4185461215677346,167.2826086956522
data/demo_data/fake/singer_c_walkonwater_018_fake.wav,singer_c,walkonwater,0.31666666666666665,hard(像真),0.3910950661853189,11.239557534978438,0.2434457972428504,0.0114591113410913,0.4768818083994492,109.42528735632165
data/demo_data/fake/singer_c_walkonwater_019_fake.wav,singer_c,walkonwater,0.8266666666666667,easy(易检),0.3400713436385256,12.128568639246224,0.1947509461023636,0.0156867650532965,0.3222461607386744,153.24675324675354
data/demo_data/fake/singer_c_walkonwater_020_fake.wav,singer_c,walkonwater,0.6366666666666667,easy(易检),0.3786279683377309,11.558350551186695,0.1764467334716095,0.0272589555060028,0.2787040649412556,240.00000000000009
data/demo_data/fake/singer_c_walkonwater_021_fake.wav,singer_c,walkonwater,0.78,easy(易检),0.3254437869822485,11.93268380224138,0.1817066656476148,0.0239113403069989,0.2743182352431873,208.3333333333334
data/demo_data/fake/singer_c_walkonwater_022_fake.wav,singer_c,walkonwater,0.7166666666666667,easy(易检),0.2517985611510791,13.325172752860642,0.2237700914043349,0.0103645059222313,0.3653326661235265,115.39325842696626
data/demo_data/fake/singer_c_walkonwater_023_fake.wav,singer_c,walkonwater,0.59,medium,0.2954292084726867,11.832907974318069,0.1918785901007653,0.0187022270231576,0.3438873169989395,174.2222222222223
data/demo_data/fake/singer_c_walkonwater_024_fake.wav,singer_c,walkonwater,0.7966666666666666,easy(易检),0.3024553571428571,12.347752936562111,0.2060595267540355,0.0136482444207355,0.4424142141643587,144.04494382022472
data/demo_data/fake/singer_c_walkonwater_025_fake.wav,singer_c,walkonwater,0.7666666666666667,easy(易检),0.2353603603603603,13.600884455737988,0.2116803569687478,0.0118649715591115,0.3482910432790378,122.17391304347856
data/demo_data/fake/singer_c_walkonwater_026_fake.wav,singer_c,walkonwater,0.6366666666666667,easy(易检),0.3890410958904109,11.354516763967412,0.1505613050871043,0.0646743277462949,0.1320273114039676,555.0724637681161
